nom_ope	categorie	numero	moa	moe	surface	programme	TITRE	CHAPEAU	LE PROJET	ACTUALITES	Le saviez vous ?	image1	credit1	Légende1	image2	credit2	Légende2	image3	credit3	Légende 3	image4	credit4	légende4	image5	credit5	légende5	video1	crédit vidéo	légende vidéo	PDF_saviez_vous	lien_saviez_vous	plus_info	x_cc48	y_cc48
Ilot Saint-Michel	Projet architectural	1	Giboire-Territoires Publics Centre ancien	Architecte : Explorations Architecture	900 m²	16 logements et un commerce en rez-de-chaussée	Ilot Saint-Michel		L'ensemble, situé à l'angle de la place et de la rue Saint-Michel, comprendra seize logements du T1 au T3 (dont trois restaurés) et une cellule commerciale de 136m². Les objectifs sont les suivants : une construction contemporaine mais respectueuse des matériaux traditionnels du bâti ancien environnant qui intègre un habillage en bois en façade, la création d'une cour privée au cœur de l'îlot pour assurer la sécurité de l'ensemble, l'aménagement de logements de qualité en particulier sur le plan énergétique, la mise en valeur de la cellule commerciale située en rez-de-chaussée pour renforcer sa visibilité et son accès, etc.																								1351635.14	7223219.92
Pré Perché	Projet architectural	2	Crédit agricole d'Ille-et-Vilaine - Crédit agricole Immobilier et Archipel Habitat	Urbaniste : Golhen	8 000 m²	356 logements, une dizaine de commerces 	Pré Perché		Le projet est composé de 6 bâtiments, reposant sur un socle de 3 niveaux de parking en sous-sol totalisant environ 400 places voitures, 30 places motos et 80 caves. Le programme se répartit à 50% pour des logements en accession libre (ainsi que des commerces), et à 50% de logements sociaux. 			stories/projets_urba/medias/Images//Photo1.jpg			stories/projets_urba/medias/Images//Photo2.jpg			stories/projets_urba/medias/Images//Photo3.jpg			stories/projets_urba/medias/Images//Photo4.jpg			stories/projets_urba/medias/Images//Photo5.jpg									1351507.61	7222531.48
Victor Rault	Projet d'aménagement	3	Ville de Rennes	Urbaniste : Atelier du Canal, Paysagistes : AMCO, OZEVERT, Gwenaël Desnos 			Victor Rault		Le projet se situe dans la ville de Rennes, en périphérie sud-ouest du centre-ville. Les voies structurantes les plus proches sont la rue de Nantes, le boulevard Clémenceau et le boulevard Albert Ier. Le projet vise à l’aménagement du stade Victor Rault en créant environ 140 nouveaux logements. Le projet proposera des nouvelles constructions diverses et de qualité, tout en offrant de la convivialité et de l'intimité aux logements dans la conception des espaces extérieurs, publics et privés. 																								1351029.82	7220974.2
Les Matelouères	Projet architectural	4	Soreim et Coop de Construction-Ville de Rennes	Architectes : Le Garzic et Menguy	4 000 m²	53 logements, un éco-village	Les Matelouères		Dans un cadre agréable, à proximité de l'école, du métro et de commerces, l'éco-village des Matelouères a d'abord été pensé pour de jeunes familles : 53 logements, dont 26 en accession aidée. Les objectifs étaient d'imaginer des solutions nouvelles pour loger les Rennais et de préserver la biodiversité remarquable. 																								1354273.18	7220777
Beauregard	Projet d'aménagement	5	Ville de Rennes - Territoires & Développement	Urbaniste : Loïc Josse (Groupe Ellipse) , Paysagiste : Atelier Jacqueline Osty	71 hectares	2 850 logements, 10000 m² SP de bureaux.	Beauregard, un lieu d'expérimentation urbaine	Au nord-ouest de la ville, Beauregard est l’un des points hauts de Rennes, à la lisière entre ville et campagne. Né au début des années 1990, ce projet de 110 hectares respecte la trame paysagère de ces  anciens terrains  agricoles. Il est constitué de trois opérations successives Beauregard, Beauregard Quincé et Portes de Saint Malo. En 2020, ce territoire intégrera le périmètre d'une nouvelle opération "les Coteaux de l'Ille".	En trente ans, cette extension de la ville, respectueuse d'un paysage composé de haies bocagères et d'arbres centenaires, accueillera  12000 habitants. Le quartier est relié au centre-ville et au métro par une ligne de bus majeure et des liaisons piétonnes, comme l'axe Saint-Melaine. Le pôle commercial se développe  autour de la place Aulnette et de nombreux équipements publics s'installent, à l'échelle du quartier, de la ville  voire de la Métropole;  la maison de quartier <a target="_blank" href="http://www.nxtbook.fr/newpress/Ville-Rennes/les_Rennais-1407_19/index.php#/p/26">le Cadran</a>,   deux écoles, une crèche, un parc,  <a target="_blank" href="https://www.fracbretagne.fr/fr/presentation/le-frac-bretagne/">le Frac</a>, et les archives départementales. Précurseur par des actions de préservation du paysage,  ce quartier est aussi novateur sur les modes de construction et les modes d'habiter;  des bâtiments modulaires, des matériaux comme la terre et le bois,  de la passiv Haus ou de la récupération d'eaux grises, de l'habitat participatif ou du logement intergénérationnel (programme de Néotoa, le Cours des Arts).	Suite à l'appel de la Métropole "<a target="_blank" href="https://www.constructionboispourtous.com/index.php">Construction bois pour tous</a>", 107 logements, 68 appartements et 39 maisons,  sont en projet sur la partie nord de Beauregard. Le système constructif de ces logements utilise le bois structurel (panneaux CLT, bois massif lamellé croisé) et l'ossature bois.  Le promoteur Ataraxia et les équipes d'architectes Adao et Liard&Tanguy  ont déposé le permis de construire et une commercialisation est en cours. Chaque logement dispose de terrasses, de grands balcons ou de jardin et les maisons sont évolutives. Un projet d'habitat participatif est prévu sur une partie des maisons. Un autre programme, de 145  logements en  construction bois, est en projet avec les promoteurs Arc et Keredes et les équipes d'architectes Woa / Anthracite architectes, la Plage paysagistes et CCL constructeur.	Audace architecturale 2017, la tour Chromosome (promoteur Réalités et architecte François Lannou) de 19 étages  surplombera le parc de Beauregard et offrira une vue imprenable sur la ville. Les travaux sont en cours pour une livraison en 2021.	stories/projets_urba/medias/Images/Beauregard/Photo1.jpg	© DAUH/SPEU	État d'avancement du projet 	stories/projets_urba/medias/Images/Beauregard/Photo2.jpg	©Anthracite Architecture	Le mouvement perpétuel, un bâtiment passif 	stories/projets_urba/medias/Images/Beauregard/Photo3.jpg	  © Adao architecture	le projet de construction en bois, l'île ô Bois d'Ataraxia  	stories/projets_urba/medias/Images/Beauregard/Photo4.jpg	  © Didier Gouray / Ville de Rennes	Les logements modulaires en bois, rue Baderot  	stories/projets_urba/medias/Images/Beauregard/Photo5.jpg	 © François Lannou architecte	La tour Chromosome à l'ouest  de Beauregard 							1350386.61	7225170.75
Beauregard-Quincé	Projet d'aménagement	6	Ville de Rennes - Territoires & Développement	Urbaniste : Loïc Josse (Groupe Ellipse) , Paysagiste : Atelier Jacqueline Osty	27 hectares	1 800 logements	Beauregard, un lieu d'expérimentation urbaine	Au nord-ouest de la ville, Beauregard est l’un des points hauts de Rennes, à la lisière entre ville et campagne. Né au début des années 1990, ce projet de 110 hectares respecte la trame paysagère de ces  anciens terrains  agricoles. Il est constitué de trois opérations successives Beauregard, Beauregard Quincé et Portes de Saint Malo. En 2020, ce territoire intégrera le périmètre d'une nouvelle opération "les Coteaux de l'Ille".	En trente ans, cette extension de la ville, respectueuse d'un paysage composé de haies bocagères et d'arbres centenaires, accueillera  12000 habitants. Le quartier est relié au centre-ville et au métro par une ligne de bus majeure et des liaisons piétonnes, comme l'axe Saint-Melaine. Le pôle commercial se développe  autour de la place Aulnette et de nombreux équipements publics s'installent, à l'échelle du quartier, de la ville  voire de la Métropole;  la maison de quartier le Cadran,   deux écoles, une crèche, un parc,  le Frac, et les archives départementales. Précurseur par des actions de préservation du paysage,  ce quartier est aussi novateur sur les modes de construction et les modes d'habiter;  des bâtiments modulaires, des matériaux comme la terre et le bois,  de la passiv Haus ou de la récupération d'eaux grises, de l'habitat participatif ou du logement intergénérationnel (programme de Néotoa, le Cours des Arts).	Suite à l'appel de la Métropole "<a target="_blank" href="">Construction bois pour tous</a>", 107 logements, 68 appartements et 39 maisons,  sont en projet sur la partie nord de Beauregard. Le système constructif de ces logements utilise le bois structurel (panneaux CLT, bois massif lamellé croisé) et l'ossature bois.  Le promoteur Ataraxia et les équipes d'architectes Adao et Liard&Tanguy  ont déposé le permis de construire et une commercialisation est en cours. Chaque logement dispose de terrasses, de grands balcons ou de jardin et les maisons sont évolutives. Un projet d'habitat participatif est prévu sur une partie des maisons. Un autre programme, de 145  logements en  construction bois, est en projet avec les promoteurs Arc et Keredes et les équipes d'architectes Woa / Anthracite architectes, la Plage paysagistes et CCL constructeur.	Audace architecturale 2017, <a target="_blank" href="http://www.mille-architectes.com/projets/chromosome">la tour Chromosome</a> (promoteur Réalités et architecte François Lannou) de 19 étages  surplombera le parc de Beauregard et offrira une vue imprenable sur la ville. Les travaux sont en cours pour une livraison en 2021.	stories/projets_urba/medias/Images/Beauregard/Photo1.jpg	© DAUH/SPEU	État d'avancement du projet 	stories/projets_urba/medias/Images/Beauregard/Photo2.jpg	©Anthracite Architecture	Le mouvement perpétuel, un bâtiment passif 	stories/projets_urba/medias/Images/Beauregard/Photo3.jpg	  © Adao architecture	le projet de construction en bois, l'île ô Bois d'Ataraxia  	stories/projets_urba/medias/Images/Beauregard/Photo4.jpg	  © Didier Gouray / Ville de Rennes	Les logements modulaires en bois, rue Baderot  	stories/projets_urba/medias/Images/Beauregard/Photo5.jpg	 © François Lannou architecte	La tour Chromosome à l'ouest  de Beauregard 					http://www.mille-architectes.com/projets/chromosome		1350483.55	7225620.04
Porte de Saint-Malo	Projet d'aménagement	7	Ville de Rennes	Urbaniste : Loïc Josse (Groupe Ellipse), Paysagiste : Atelier Jacqueline Osty			Porte de Saint-Malo		La ZAC Porte de Saint-Malo est la troisième opération engagée dans le cadre de l'aménagement du quartier de Beauregard. Elle fera le lien entre la zone commerciale de Rennes Saint-Grégoire et le tissu à  dominante résidentielle des ZAC Beauregard et Beauregard-Quincé. Ainsi  sont prévus sur les 10 hectares de la ZAC  des activités économiques et plus de 400 nouveaux logements dans un environnement de qualité  en cohérence avec les autres secteurs de Beauregard. A l'instar des deux ZAC de Beauregard  l'opération s'inscrit dans le cadre du Programme Local de l'Habitat de Rennes Métropole.			stories/projets_urba/medias/Images//Photo1.jpg			stories/projets_urba/medias/Images//Photo2.jpg			stories/projets_urba/medias/Images//Photo3.jpg			stories/projets_urba/medias/Images//Photo4.jpg			stories/projets_urba/medias/Images//Photo5.jpg									1350640.15	7225730.03
Brasserie Saint-Hélier	Projet d'aménagement	8	Ville de Rennes	Urbaniste : Philippe Madec, Paysagiste : SETUR	2,5 hectares	250 logements	Brasserie Saint-Hélier		Implantée en 1927 au carrefour des rues Saint-Hélier et Pierre Martin  l'ancienne brasserie Graff a définitivement fermé ses portes en 2003. Plutôt que d'effacer toute trace du passé industriel de ce site d'un peu plus de 2 hectares  la Ville de Rennes a cherché à  valoriser cet héritage. Pour cet ensemble de plus de 200 logements s'inscrivant dans le cadre du Programme Local de Rennes Métropole  l'urbaniste Philippe Madec a proposé une organisation autour d'un mail piétonnier est-ouest oà¹ se mêleront réhabilitations et greffes contemporaines. 4 bâtiments industriels remarquables pour leur architecture en béton Art-déco vont ainsi connaître une seconde vie  inspirant le rythme des nouvelles constructions.	BSH6, 30 logements, CDC HABITAT, études à l'automne 2019.																				stories/projets_urba/medias/Documents/BrasserieStHelier/La halle de la brasserie			1353004.04	7221933.74
Plaisance	Projet d'aménagement	9	Ville de Rennes	Urbaniste : Archidée	6,5 hectares	380 logements	Plaisance, une "presqu'île" à habiter  	À deux pas du centre-ville, enserrée par la boucle du Canal, l'opération Plaisance aménage cinq hectares entre les berges du canal et le cimetière du Nord. Cet ancien quartier de pavillons ouvriers et de  jardins était  desservi par une seule voie, la rue de Plaisance. Cette situation particulière d'enclavement, ou de retrait, rend ce lieu atypique et privilégié. Il s'inscrit aussi  dans la mise en valeur de la Vallée de l'Ille qui intègre deux autres projets, Armorique et le nouveau parc urbain les Prairies. 	Le  renouveau de ce site particulier se fait par la construction de logements pour des familles, mais aussi par la  requalification des berges en bord de canal,  des traversées vers les Prairies et les quartiers environnants, et par une mise en  place de circulations douces. Ce projet de 380 logements se composent de trois programmes immobiliers ; au sud-est des immeubles à trois étages déjà livrés (131 logements), à l'est un ensemble d'immeubles de 1 ou deux étages (189 logements) et  au nord-Ouest,  les Hauts de Plaisance,  35 logements dont 11 en habitat participatif avec le collectif Graines Urbaines. Privilégiant les parkings en sous-sol, ce projet permet d'avoir des espaces publics de qualité;  placettes, venelles, jardins bocagers et cours intérieures ainsi qu'une guinguette au bord de l'eau. 	Bordant les premiers immeubles livrés, le square Marguerite Durand fait le lien avec la Maison de la Poésie. Les travaux commencent pour la construction des 189 logements à l'est. Le permis est délivré pour le 3ème programme immobilier de Coop de Construction/ Espacil  avec Bourdet Rivasseau / Maurer et Gilbert architectes et entre en phase de commercialisation. <a target="_blank" href="https://metropole.rennes.fr/pose-de-la-premiere-passerelle-quartier-plaisance">La passerelle  Élisa-Napoleone Baciocchi</a>  est posée et permet la liaison piétonne avec les Prairies St Martin.	En lien avec la qualité du site, les architectes des derniers programmes ont imaginé  des petits immeubles qui constituent  une sorte de village autour d'espaces publics partagés. Autre particularité, certains logements sont évolutifs, et permettent de s'adapter à des changements familiaux, voir même de s'agrandir. 	stories/projets_urba/medias/Images/Plaisance/Photo1.jpg	© DAUH/SPEU	État d'avancement du projet	stories/projets_urba/medias/Images/Plaisance/Photo2.jpg	 © A.Loubry / Rennes, Ville et Métropole	: Les premiers logements livrés 	stories/projets_urba/medias/Images/Plaisance/Photo3.bmp	 © Claire shorter urbaniste	À l'est, 189 logements, dont 28 en accession aidée par l'office foncier solidaire 	stories/projets_urba/medias/Images/Plaisance/Photo4.bmp	© Maurer-Gilbert et Bourdeau-Rivasseau architectes	Au nord, le projet d'habitat participatif  	stories/projets_urba/medias/Images/Plaisance/Photo5.jpg	 © A.Loubry / Rennes, Ville et Métropole	La passerelle vers les Prairies Saint Martin 	https://www.youtube.com/embed/-mrCPILbRwk		Interview de l'architecte du projet architectural de Plaisance	stories/projets_urba/medias/Documents/Plaisance/document 1.pdf			1352119.64	7224471.36
Rue de l'Alma	Projet d'aménagement	10	Ville de Rennes - Territoires & Développement	Urbaniste : Atelier de Midi	3,7 hectares	378 logements, 5000 m² SP de commerces et d'activités.	Rue de l'Alma		Le projet de la rue de l'Alma s'inscrit dans le cadre de la requalification de l'entrée sud de la ville de Rennes. Opération de renouvellement urbain à  fort enjeu  l'objectif est de créer des espaces publics de qualité afin de diversifier les usages  de restructurer le bti en cohérence avec le tissu environnant ainsi que d'améliorer et diversifier l'offre de logements et de commerces. La ZAC de la rue de l'Alma  qui couvre une surface de 4 hectares  offrira à  terme 380 logements neufs environ dans le respect du Programme Local de l'Habitat de Rennes Métropole  et proposera des nouveaux commerces en rez-de-chaussée.		 Installation de l'œuvre d'art de Krijn de Koening livrée.	stories/projets_urba/medias/Images/Rue_Alma/Photo1.jpg			stories/projets_urba/medias/Images/Rue_Alma/Photo2.jpg			stories/projets_urba/medias/Images/Rue_Alma/Photo3.jpg			stories/projets_urba/medias/Images/Rue_Alma/Photo4.jpg			stories/projets_urba/medias/Images/Rue_Alma/Photo5.jpg									1352027.23	7221385.02
Armorique	Projet d'aménagement	11	Ville de Rennes	Urbaniste : SCE	19 hectares	595 logements, 18500 m² SP de bureaux et commerces	Armorique, un quartier au bord du canal	Cette opération d'aménagement d'environ 13 hectares  est située au nord-ouest de la ville et à proximité  du centre-ville. Ceinturé au nord  par le boulevard Armorique et au sud par le canal Ille et Rance, ce site est un ancien site agricole, une ancienne ferme, centre d'insémination artificielle. Ce projet de renouvellement urbain s'inscrit dans l'ensemble de la Vallée de l'Ille qui intègre deux autres projets, l'opération d'aménagement Plaisance et le nouveau parc urbain les Prairies. 	Ce projet permet au quartier de s'ouvrir vers le canal, d'accéder aux berges vers les Prairies et assure  la transition avec le quartier pavillonnaire de la Motte Brulon. Il s'agit également de réaliser une opération exemplaire sur le plan environnemental (préservation de zones naturelles généreuses sur les berges de l'Ille,  création d'un talweg récupérant les eaux pluviales et pouvant servir de zone d'expansion des crues, sobriété énergétique pour l'ensemble des bâtiments). 600 nouveaux logements sont créés  en mixant les fonctions d'habitat et d'activités (des commerces forment l'accroche avec la rue de la Motte Brulon et des bureaux s'implantent en bordure du boulevard d'Armorique). Cette opération est composée de trois îlots  fédérés par une coulée verte (talweg) vers la rivière de l'Ille. Les deux tiers du projet sont livrés ; 400 logements, la maison de quartier, des commerces, des bureaux, et  le pôle emploi (programme Énergis). Plusieurs espaces verts sont créés comme un mail paysager, un jardin partagé, <a target="_blank" href="https://metropole.rennes.fr/quartier-armorique-un-jardin-pour-le-printemps">une forêt nourricière</a>, un talweg et <a target="_blank" href="https://metropole.rennes.fr/des-passerelles-dans-la-ville">des passerelles</a> sont mises en place pour rejoindre les Prairies et la Motte Brulon.	La troisième phase d'aménagement  du projet, en lien avec la rue de la Motte Brulon,  commence en 2020. Attribués à Espacil, les trois programmes de logements de l'ilot C (C1, C2, C3) forment le  pôle de centralité autour de la place Henri Pollès . Cent logements en accession libre et en locatif social avec des commerces et une crèche de 20 berceaux seront en phase de construction d'ici 2021.  Les trois programmes de l'ilot D  sont en consultation au 1er semestre 2020  pour choisir les promoteurs et les architectes. 	<a target="_blank" href="https://www.chouzenoux-architecture.fr/projets/tertiaire/energis-programme-mixte">Énergis</a>, (Bâti Armor avec J.Chouzenoux architecte)  est un programme original qui mixe les usages habitat/ bureaux/équipement avec une serre bioclimatique et une centrale photovoltaïque de 2000 m². C'est le premier bâtiment à énergie positive de Rennes. Ce programme a reçu le Grand prix régional de la Fédération des promoteurs immobiliers de Bretagne, en avril 2013. (https://www.chouzenoux-architecture.fr/projets/tertiaire/energis-programme-mixte)	stories/projets_urba/medias/Images/Armorique/Photo1.jpg	©DAUH/SPEU	État d'avancement du projet ©Rennes Métropole	stories/projets_urba/medias/Images/Armorique/Photo2.jpg	©Jeremias Gonzalez-Rennes, Ville et Métropole	Le mail paysager et les premiers logements 	stories/projets_urba/medias/Images/Armorique/Photo3.jpg	©Jeremias Gonzalez-Rennes, Ville et Métropole	 Energis, le pôle  emploi, architecte Chouzenoux	stories/projets_urba/medias/Images/Armorique/Photo4.jpg	©Jeremias Gonzalez-Rennes, Ville et Métropole	Le jardin partagé	stories/projets_urba/medias/Images/Armorique/Photo5.jpg		La forêt nourricière et le belvédère, livrés en novembre 2019					https://www.chouzenoux-architecture.fr/projets/tertiaire/energis-programme-mixte	<a target="_blank" href="stories/projets_urba/medias/Documents/Armorique/Document1-zacArmorique_dossierRealisation_2008.pdf">Plus d'informations </a>	1352175.44	7224859.55
EuroRennes	Projet d'aménagement	12	Rennes Métropole - Territoires Publics	Urbanistes : FGP, Paysagiste : TER	58 hectares	125 000 m² de bureaux, plus de 1500 logements , 10 000 m² de locaux réservés à l’hôtellerie, , 30 000 m² de commerces et services, , 9 500 m² d’équipements (pôle métropolitain de mobillité; gare,  gare routière, parkings et station de métro), , 	EuroRennes,  nuage et paysage  au-dessus des voies ferrées	La gare s'est implantée en 1857 au sud de la ville. Depuis lors, le centre-ville s'étend vers elle avec l'implantation du quartier Colombier  dans les années 70 puis la construction de grands équipements métropolitains comme les Champs Libres ou Le Liberté dans les années 2000. Dans la continuité de cette évolution,  et la nécessité de d'adapter la gare à la croissance de voyageurs, le projet EuroRennes  porte sur 58 ha et se compose de  15 secteurs (aménagement mis en œuvre  depuis 2013). C'est également  3km de franges ferroviaires,  terrains  propriétés de la SNCF ou de lisières urbaines, qui   vont être aménagées.	Avec  la mise en service de la LGV, en 2017, qui place Rennes à 1h27 de Paris, et le développement de la seconde ligne de métro, 120 000 voyageurs par jour  transiteront en 2020 par la gare. Le projet EuroRennes répond, d'abord, à la nécessité de transformer la gare en un pôle d'échanges multimodal pour accueillir  plus de voyageurs et faciliter les passages entre les différents modes de transport. La transformation de l'équipement entraîne une recomposition du quartier avec la volonté d'étendre le centre-ville jusqu'à la gare et de faciliter les liaisons avec les quartiers sud de Rennes. L'équipe d'urbanistes et de paysagistes (FGP + Agence TER)  ont alors conçu un projet original,   une structure qui passe au-dessus des voies, une gare-paysage, clé de voûte d'EuroRennes. Ce "paysage construit"  créée le lien entre le nord et le sud de la gare, efface la coupure historique des voies ferrées et du relief très important, 11 mètres de différence entre les  deux rives. 1400 logements,  125 000 m² de bureaux, 30 000 m² de commerces s'implantent de part et d'autre des voies ferrés. Des projets remarquables comme <a target="_blank" href="https://metropole.rennes.fr/eurorennes-urban-quartz-inaugure">Urban Quartz</a>, Identity, <a target="_blank" href="stories/projets_urba/medias/Documents/Eurorennes/Document1_IlotBeaumont.pdf">l'Ilôt Beaumont</a> ou <a target="_blank" href="https://metropole.rennes.fr/projet-samsic-eurorennes-le-laureat-devoile">la Tour Samsic</a> font d'EuroRennes la  vitrine de la capitale bretonne et de son dynamisme.	<a target="_blank" href="stories/projets_urba/medias/Documents/Eurorennes/Document2_la nouvelle gare.pdf">La nouvelle gare</a> est livrée avec des espaces intérieurs recomposés, de nouveaux commerces et restaurants, et en fin d'année l'achèvement des espaces publics extérieurs. En lien avec  la nouvelle gare et l'achèvement de sa place, <a target="_blank" href="https://metropole.rennes.fr/le-nouveau-visage-de-lavenue-janvier">l'avenue Janvier</a> se transforme  mais aussi les boulevards Beaumont et Solferino. Les travaux commencent en avril  2020 pour le programme de l'îlot Beaumont de  Legendre Immobilier avec l'architecte danois Kempe Thill et  les architectes rennais de l'Atelier 56S.Ce sont 180 logements (résidence service et logements sociaux) et 13 000 m² de bureaux, livrés entre 2021 et 2022. Le groupe Samsic, associé à Bâti Armor va construire cinq bâtiments sur les secteurs Féval et Blériot d'EuroRennes. Le projet prévoit une  tour de 26 étages  avec  des commerces sur deux étages et des logements sur les 25 autres.  Les quatre autres bâtiments  abritent des bureaux (dont ceux de Samsic pour 15 000 m²) des logements, un hôtel quatre étoiles avec un restaurant panoramique. Le lauréat du concours d'architecture international est  JDS/Julien De Smedt Architects (Copenhague et Bruxelles) avec  Stéphane Maupin (Paris) et  Maurer et Gilbert architectes rennais. 	Signée par tous les acteurs, <a target="_blank" href="stories/projets_urba/medias/Documents/Eurorennes/Document3_ Charte DD.pdf">une "charte du développement durable"</a> sert de fil rouge à toutes les étapes de ce projet d'aménagement d'intérêt communautaire  - conception, études, aménagement - et à toutes ses facettes - espaces publics, espaces privés. Cette charte définit les grands objectifs d’un cadre de programmation exigeant sur six thèmes majeurs qui font la ville durable : la mixité des programmes, les mobilités,   la gestion des nuisances,  l’énergie et les ressources,  la qualité des ambiances architecturale, urbaine et paysagère et la gouvernance. Ce sont autant de réflexions et d’innovations à la clé pour imaginer un renouvellement qui aille dans le sens de l'écologie urbaine. 	stories/projets_urba/medias/Images/Eurorennes/Photo1.jpg	 ©  DAUH/SPEU	État d'avancement du projet 	stories/projets_urba/medias/Images/Eurorennes/Photo2.jpg	  ©  FGP	Vue 3D du projet  ©  FGP	stories/projets_urba/medias/Images/Eurorennes/Photo3.jpg	 ©J.Mignot / Rennes, Ville et Métropole 	La nouvelle gare, nuage et paysage  	stories/projets_urba/medias/Images/Eurorennes/Photo4.jpg	 ©J.Mignot / Rennes, Ville et Métropole 	La nouvelle gare, le hall des arrivées   	stories/projets_urba/medias/Images/Eurorennes/Photo5.jpg	 ©C.Le Dévéhat / Rennes, Ville et Métropole	Urban Quartz, bureaux livrés en 2019 	https://www.youtube.com/embed/EcyynbGaDwo	S.Priou / Rennes, Ville et Métropole	Le projet de l'ilot Beaumont	stories/projets_urba/medias/Documents/Eurorennes/Document3_ Charte DD.pdf		<a target="_blank" href="https://www.eurorennes.fr/">Plus d'informations</a>	1352439.7	7222027.02
Maurepas-Gayeulles	Projet d'aménagement	13	Ville de Rennes - Territoires Publics	Urbaniste : TGT, Paysagiste : Atelier Ruelle	28 hectares	1200 logements, 9600 m² bureaux, et 5000 m² d'équipement public	Maurepas Gayeulles,  une centralité recomposée	Au nord-est de la ville, construit en 1960 sur des terrains alors agricoles, le quartier de Maurepas est le plus ancien et le plus grand quartier social de Rennes. La partie  Gayeulles est comprise entre le centre commercial Le Gast, le boulevard Rochester et le Parc des Gayeulles. Le passage de la ligne B du métro et l'installation de la station de métro Gayeulles en plein cœur du quartier est le déclencheur du  projet de renouvellement urbain engagé depuis 2006 (PRU 2006-2014 / NPNRU 2016-2026) et l'occasion de requalifier et redynamiser ce quartier.	L'opération d'aménagement Maurepas Gayeulles prévoit la construction de 1400 logements neufs de la maison individuelle  au collectif avec les 2/3 en accession à la propriété (peu de locatifs) pour une mixité sociale plus équilibrée. La création d'une nouvelle place permet de réunir différents usages avec le nouveau pôle commercial (15 à 20 boutiques), le pôle multimodal (station et parking relais) et des équipements comme le nouvel espace social commun et la salle de spectacles Guy Ropartz. Un enjeu fort est l'installation d'activités économiques et la création d'emploi; des locaux artisanaux sont construits et plusieurs bâtiments de bureaux sont en chantier soit plus de 12 000 m². L'espace public se transforme avec la résidentialisation (remplacement des parkings par de la végétation et des jardins) de plusieurs pieds d'immeubles, la requalification du boulevard Rochester en une voie moins large et une promenade apaisée. En2020,  avec la mise en service de la seconde ligne de métro, le quartier deviendra un quartier péricentral à 8mn du centre-ville avec une image renouvelée.	<a target="_blank" href="https://metropole.rennes.fr/travaux-les-gayeulles-se-preparent-larrivee-du-metro">Sur le site de l'ancien centre commercial</a>, des programmes de logements sont en cours de construction; la première partie du programme comprenant  86 logement et un supermarché (Yci et là d'Ataraxia) ainsi que le programme de 29 logements (Senséa 2 de Lamotte). L'ancien parking est requalifié en place Lucie et Raymond Aubrac, espace public qui accueillera le marché, les travaux ont commencé pour une livraison en décembre 2020. Sur l'ancien site de l'école Ropartz, 26 maisons individuelles sont livrées ou en chantier, 9 nouveaux lots sont attribués et trois autres sont  commercialisés par Territoires Publics, l'aménageur. Le chantier de l'Espace Social commun a débuté pour une livraison début 2022. Le long du boulevard Rochester, deux programmes de 141 logements, Enjoy de Bâti Armor et Easy Building de Giboire,  sont livrés.	"<a target=""_blank"" href=""https://www.ille-et-vilaine.fr/sites/default/files/commpresse/dossier_de_presse_esc_maurepas.pdf"">L'Espace social commun de Maurepas</a> rassemble des services d'accueil, d'information, d'aide à la personne habituellement séparés car gérés à la fois par le Conseil départemental et la Ville ;  centre social, salle polyvalente, annexe de la mairie de quartier, services aux habitants (halte-garderie, PMI, planning familial), services d'accompagnement des personnes (CCAS, CDAS, direction de l'éducation et de l'enfance, direction des sports et des activités physiques, espace ressources emploi)... Implanté rue Guy Ropartz et conçu comme un ensemble de maisons accueillantes,  cet équipement ressemble à un village, initiant une centralité nouvelle dans le quartier. 
« L'écriture architecturale traduit un programme entièrement dédié à la personne fragile. C'est une réponse à un projet politique. La représentation spatiale d'une forme de démocratie où la puissance publique ne démontre pas son autorité mais plutôt sa capacité à accueillir et à co-construire. » Antoine Béal, architecte
"	stories/projets_urba/medias/Images/Maurepas_Gayeulles/Photo1.jpg	© DAUH/SPEU	État d'avancement du projet	stories/projets_urba/medias/Images/Maurepas_Gayeulles/Photo2.jpg	©J.Gonzalez / Rennes, Ville et Métropole	le premier immeuble de bureaux CFA Grand Ouest 	stories/projets_urba/medias/Images/Maurepas_Gayeulles/Photo3.jpg	©J.Gonzalez / Rennes, Ville et Métropole	Les maisons individuelles,  bordées par la promenade odette du Puygaudeau 	stories/projets_urba/medias/Images/Maurepas_Gayeulles/Photo4.jpg	 © J.Mignot/ Rennes, Ville et Métropole	Le programme Enjoy, 83 logements livrés 	stories/projets_urba/medias/Images/Maurepas_Gayeulles/Photo5.png	 ©DR	Le projet de la place Lucie et Raymond Aubrac 					https://www.ille-et-vilaine.fr/sites/default/files/commpresse/dossier_de_presse_esc_maurepas.pdf	<a target="_blank" href="http://gayeulles.rennes-maurepas.fr/">Plus d'informations</a>	1353582.5	7224782.41
Bernard-Duval	Projet d'aménagement	14	Ville de Rennes - Territoires & Développement	Urbaniste : Nicolas Lebunetel, Paysagiste : Univers	2,5 hectares	200 logements 11000 m² SP tertiaire	Bernard-Duval		Sur 2,5 hectares d'une friche industrielle bordée par la voie ferrée au sud et le faubourg du quartier de l'Arsenal au nord et à  l'est,   la ZAC Bernard-Duval ambitionne d'établir des connections entre les différents quartiers en réalisant une couture urbaine.Le projet est derestructurer cet ilot occupé par des activités industriellles en un tissu urbain mixte accueillant du logement, des bureaux et des services.Le parti d'aménagement prévoit un bâtiment-écran le long de la voie ferrée accueillant les activités, et permettant d'implanter les habitations à l'abri des nuisances. À noter, la conservation du bâtiment de l'ancienne usine Amora et sa reconversion en équipement public à vocation culturelle qui accueille les "Ateliers du vent".			stories/projets_urba/medias/Images/ClaudeBernard_AlexandreDuval/Photo1.jpg			stories/projets_urba/medias/Images/ClaudeBernard_AlexandreDuval/Photo2.jpg			stories/projets_urba/medias/Images/ClaudeBernard_AlexandreDuval/Photo3.jpg			stories/projets_urba/medias/Images/ClaudeBernard_AlexandreDuval/Photo4.jpg			stories/projets_urba/medias/Images/ClaudeBernard_AlexandreDuval/						stories/projets_urba/medias/Documents/ClaudeBernard_AlexandreDuval/Les Ateliers du vent			1350519.51	7222082.95
Portes Mordelaises	Espace public	15	Ville de Rennes	Paysagiste : Christophe Delmar		Création d'une promenade urbaine de la rue de Juillet à la place Foch	Portes Mordelaises		Le périmètre de ce nouvel espace public s'étendra de la rue de Juillet à la place Maréchal Foch (soit environ 270 mètres linéaires) et des remparts à l'arrière des immeubles de la rue Nantaise. Elle offrira aux Rennais et aux visiteurs une promenade entre histoire et ville contemporaine. Depuis la rue de Juillet, au bas des Lices, un chemin suivra le tracé et le nivellement des douves. Un nouvel accès à la rue des Portes Mordelaises sera aménagé le long du mur antique et la barbacane, un ouvrage défensif révélé par les fouilles, sera restaurée. Jusqu’à la place Maréchal-Foch (près de la place de Bretagne), les douves seront abaissées à leur niveau d’origine : il faudra ainsi déblayer 4 mètres de terre pour leur redonner de l’ampleur.			stories/projets_urba/medias/Images//Photo1.jpg			stories/projets_urba/medias/Images//Photo2.jpg			stories/projets_urba/medias/Images//Photo3.jpg			stories/projets_urba/medias/Images//Photo4.jpg			stories/projets_urba/medias/Images//Photo5.jpg									1351362.15	7222944.77
Ilot Octroi	Projet d'aménagement	16	Ville de Rennes	Architecte : Vincent Cornu	1 hectare	200 logements, équipements et services	Ilot de l'Octroi, habiter  à la confluence de la ville	À l'ouest de la ville,  à la croisée de l'Ille et de la Vilaine, l'ilot de l'Octroi est un terrain d'un hectare, encadré par deux axes de circulation majeurs la rue de Lorient et le boulevard Louis Guilloux. Dans le prolongement du  mail François Mitterrand, il fait face au jardin de la Confluence. Lieu de naissance de la ville de Condate  (nom latin de Rennes)  ce site est symbolique, mais aussi historique avec des témoins de son passé de faubourg (les octrois) et de son activité artisanale (la Minoterie). Dans le projet urbain Rennes 2030, il constitue le point cardinal Ouest de l'extension du centre-ville. 	<a target="_blank" href="stories/projets_urba/medias/Documents/Ilot_Octroi/Document 1.pdf">Le projet</a> transforme une friche d'activités artisanales en secteur habité, 170 logements, ouvert sur la Vilaine.  Les programmes de logements se composent de trois bâtiments en retrait des berges avec des hauteurs variant de trois  à dix étages. Ainsi  le centre-ville  en continuité du mail Mitterrand, s'étend vers l'ouest. Autre objectif important, ce projet crée un accès visuel et physique aux  berges de la Vilaine avec des continuités de promenades ; des passerelles seront aménagées pour relier l’îlot aux papeteries de Bretagne, au jardin de la Confluence et au parc Saint-Cyr. Une place, de taille équivalente à celle de Saint-Michel, offre un lieu d'animation et de convivialité avec le café-théâtre, le Bacchus et un espace guinguette-restaurant. L’ancien bâtiment de l’Octroi sera conservé comme dépendance du Bacchus. 	<a target="_blank" href="https://metropole.rennes.fr/bacchus-back">Le Café-théâtre, le Bacchus</a>, est livré depuis décembre 2019. Le programme de 138 logements, Ascension paysagère,  est en cours de chantier pour une livraison en septembre 2021. Les travaux ont commencé pour le réaménagement des berges devant le Bacchus et pour l'esplanade Julie-Rose Clavé entre l'Octroi et le café-théâtre.	"Un concours d'architecture international a permis de choisir les architectes des programmes de logements avant la désignation des promoteurs. Il s'agit de l'Agence néerlandaise MVRDV et de l'agence rennaise ALL, qui se sont associées au promoteur Giboire. 
« Il y a une raison derrière ce nom - <a target=""_blank"" href=""http://www.presse.metropole.rennes.fr/accueil/documents-presse/communiques-de-presse/25-809/quotascension-paysagerequot-un-geste-architectural-pour-lilot-de-loctroi"">Ascension paysagère</a> -nous avons imaginé des logements en gradins qui reprennent la qualité du site, très ouvert sur l’eau et la nature. D’où ces appartements avec de grandes terrasses qui donneront l’impression d’habiter sur un toit. Avec rien au-dessus de la tête, rien à l’horizon », Bertrand Schippan, architecte, directeur France MRDV, Rotterdam.
"	stories/projets_urba/medias/Images/Ilot_Octroi/Photo1.jpg	© DAUH/SPEU	État d'avancement du projet	stories/projets_urba/medias/Images/Ilot_Octroi/Photo2.jpg	 ©Archives Municipales de Rennes	La confluence au siècle dernier 	stories/projets_urba/medias/Images/Ilot_Octroi/Photo3.jpg	 © MVRDV architectes	Le projet Ascension paysagère 	stories/projets_urba/medias/Images/Ilot_Octroi/Photo4.jpg	 © A.Loubry / Rennes, Ville et Métropole	Le café-théâtre, le Bacchus 	stories/projets_urba/medias/Images/Ilot_Octroi/Photo5.jpg	© Rennes, Ville et Métropole	La passerelle entre l'Octroi et le parc Saint-Cyr 	https://www.youtube.com/embed/-mrCPILbRwk  		Interview de l'architecte sur le projet Ascension Paysagère		http://www.presse.metropole.rennes.fr/accueil/documents-presse/communiques-de-presse/25-809/quotascension-paysagerequot-un-geste-architectural-pour-lilot-de-loctroi		1350394.4	7222721.21
Madeleine	Projet d'aménagement	17	Ville de Rennes	Urbaniste : Atelier du Canal	2,5 hectares	380 logements 2000 m² SP de bureaux et 1000 m² SP de commerces.	La Madeleine, le  quartier  unit ses deux rives	Au sud-ouest du centre-ville, après le passage sous les voies ferrées, le quartier faubourg de la Madeleine est coupé en deux, dans les années soixante-dix, par le percement du boulevard Georges Pompidou, en prolongement de la rue de Nantes. La mutation d'une ancienne friche industrielle de 2,2 hectares est l'occasion de reconstituer un pôle de quartier. L'opération d'aménagement se situe sur la rive gauche de cet axe, juste avant la voie ferrée et le pont de Nantes. 	Ce projet de renouvellement urbain a pour  enjeu majeur de construire un quartier aux portes du centre-ville de Rennes et de recréer une façade urbaine  sur cette partie gauche du boulevard Pompidou. Au programme, 375 logements sont construits : collectifs avec des rez-de-chaussée actifs vis-à-vis du Foyer Rennais,  une dizaine de maisons et  aussi des bureaux avec  le siège social de Nexity Immobilier, un immeuble entièrement en bois (WOA architecture selon un procédé constructif bois YWOOD). À l'intérieur de ce nouveau quartier, la place de la voiture est réduite pour privilégier des liaisons douces et <a target="_blank" href="https://metropole.rennes.fr/un-square-pour-la-madeleine">un mail paysager</a>. 	"Le  programme H, rue François Eveliou, est en cours d'études par Itar architectures avec le promoteur Arc promotion,  46 logements dont 23 en prix régulé, la commercialisation sera lancée en  2020.
Deux programmes, G et E,  sont en chantier avec 50 logements sociaux dont 20 en accession aidée et 19 en accession libre. Cinq  projets sont  livrés, notamment le siège de Nexity et quatre programmes de  logements.

"	Un œil sur la voie de chemin de fer, <a target="_blank" href="https://www.mathieulaporte.fr/Panorama-Le-Ruilhenn">les deux tours,  le  Panorama et le Ruilhenn</a>, constituent  le projet totem de cette opération d'aménagement, au pied du pont de Nantes. Imaginées par Mathieu Laporte architecte avec le promoteur Réalités, les deux tours d’habitation, l'une de logements sociaux, l'autre de logements libres, sont construites sur un socle de parking commun de deux niveaux. 	stories/projets_urba/medias/Images/Madeleine/Photo1.jpg	© DAUH/SPEU	État d'avancement du projet	stories/projets_urba/medias/Images/Madeleine/Photo2.jpg	©J.Gonzalez / Rennes, Ville et Métropole	le Panorama et le Ruilhenn  	stories/projets_urba/medias/Images/Madeleine/Photo3.jpg	©J.Gonzalez / Rennes, Ville et Métropole	Nexity, immeuble de bureaux en bois 	stories/projets_urba/medias/Images/Madeleine/Photo4.jpg	©agence d'architecture 2ADesign	Logements en accession libre 	stories/projets_urba/medias/Images/Madeleine/Photo5.jpg	©Titan architectes	Logements et crèche familiale 					https://www.mathieulaporte.fr/Panorama-Le-Ruilhenn	<a target="_blank" href="http://www.presse.metropole.rennes.fr/upload/espace/1/pj/723_1347_DP_Zac_Madeleine.pdf">Plus d'informations</a>	1351168.27	7221730.61
Baud-Chardonnet	Projet d'aménagement	18	Ville de Rennes - Territoires Publics	Urbaniste : Reichen & Robert, Paysagiste : Atelier Jacqueline Osty	35 hectares	2700 logements, 7 250 m² SP de  commerces et d'activités, 56 000 m² SP de bureaux, 34 000 m² SP secteur universitaire, équipements.	Baud Chardonnet, bienvenue à la plage	Sur l'ancien site industriel de la plaine de Baud, à deux pas du centre-ville et de la gare TGV, le projet s'étend sur 35 hectares,  bordé  au nord par la Vilaine et au sud par les voies ferrées, il se dessine comme une île. Depuis 2014, le Pont Vaclav Havel relie Baud Chardonnet à l'axe est-ouest et il permet également de rejoindre à pied le campus universitaire de Beaulieu, situé sur l'autre rive. À court terme, ce quartier qui s'inscrit dans la perspective des quais historiques , sera facilement accessible par une passerelle piétonne.	Ce projet d'aménagement permet  de  créer un quartier résidentiel, de mettre en valeur les berges de la Vilaine, le paysage de bord de fleuve, d'étendre le centre-ville vers l'est avec une nouvelle polarité d'activités, d'animations et de commerces (6000 m² en RDC). Le nouveau quartier comprend 2600 logements, accueille également des activités économiques (tertiaires et technologiques)  et des établissements scolaires et cinq hectares d'espaces publics sont aménagés dont un grand parc et une rambla. Les premiers logements ont été livrés au cours de l'année 2018 ainsi qu'une maison du projet et une maison médicale. L'inauguration <a target="_blank" href="http://www.baud-chardonnet.com/vivre-au-bord-de-leau/les-plages-de-baud">des plages de Baud</a> a eu lieu en juin 2019.	Le groupe Chessé vient d'être désigné comme opérateur commercial pour l'ensemble de l'opération d'aménagement et une surface moyenne alimentaire sera livrée en 2022-2023. <a target="_blank" href="https://metropole.rennes.fr/rennes-une-nouvelle-ecole-baud-chardonnet">Le groupe scolaire</a> de 14 classes (ilot J), conçu par Bruno Mader architecte,  est à l'étude. Plusieurs programmes de logements sont en cours de commercialisation sur l'ilot D et bientôt sur l'ilot E qui abritera aussi une crèche de 22 places. Une passerelle reliant le parc au Vertugadin sera livrée en 2020.	Désignée "Audace architecturale 2017", <a target="_blank" href="http://www.baud-chardonnet.com/un-campus-cr%C3%A9atif-au-coeur-de-baud">le campus créatif</a> (IFFDEC/ESMA) avec une résidence étudiante de 219 logements est ouvert depuis la rentrée 2019. Signe distinctif, le terrain de sport est sur le toit et une cafétéria en terrasse donne sur le parc ! 	stories/projets_urba/medias/Images/Baud_Chardonnet/Photo1.jpg	© DAUH/SPEU	État d'avancement du projet 	stories/projets_urba/medias/Images/Baud_Chardonnet/Photo2.jpg	Le parc avec son aire de jeux 	©Christophe Le Dévéhat	stories/projets_urba/medias/Images/Baud_Chardonnet/Photo3.jpg	© DR	Le campus créatif, 300 étudiants, a ouvert à la rentrée 2019 	stories/projets_urba/medias/Images/Baud_Chardonnet/Photo4.jpg	© Christophe le Dévéhat 	Les berges aménagées 	stories/projets_urba/medias/Images/Baud_Chardonnet/Photo5.png	© Bruno Mader architecte	Le projet du groupe scolaire, à énergie positive 					http://www.baud-chardonnet.com/un-campus-cr%C3%A9atif-au-coeur-de-baud	<a target="_blank" href="http://www.baud-chardonnet.com/">Plus d'informations</a>	1354281.6	7222511.73
Normandie-Saumurois	Projet d'aménagement	19	Ville de Rennes	Urbaniste : Atelier du Canal, Paysagiste : Yannis le Quintrec	4 hectares	300 logements, 800 m² d'activités	Normandie Saumurois,  une nouvelle entrée de ville	Située au nord de Rennes, le long de l'avenue Winston Churchill, l'opération d'aménagement Normandie-Saumurois, s'étend sur quatre hectares et vient compléter un processus engagé depuis 2008 de rénovation urbaine du quartier de Villejean, quartier d'habitat social construit dans les années 60.  Reconnu "Quartier d'intérêt régional" du nouveau programme national de renouvellement urbain (NPNRU 2016-2025), ce projet bénéficie, à ce titre, de financements de l'Agence nationale de renouvellement urbain (ANRU).	Ce projet a pour objectif de développer la promotion de la mixité fonctionnelle (activités/ habitat/ équipements) et intergénérationnelle (étudiants/ familles/ seniors) pour diversifier le quartier. Cinq programmes, 350 logements environ, proposent de l'accession aidée ou libre avec des maisons, des collectifs,  une résidence étudiante, un pôle santé et des locaux associatifs. Pour promouvoir de nouveaux modes d'habitat,  des logements seniors en autonomie sont prévus sur l'ensemble des programmes, les appartements sont évolutifs ou modulables et un projet d'habitat participatif se développe sur le programme E (voir plan). La création d'espaces publics de qualité (cœurs d'ilots recomposés, aires de jeux créées, prairie, cheminements doux) mais aussi une architecture ambitieuse, contribuent également à valoriser ce quartier et à le dynamiser.	Le projet immobilier, C, est en cours d'élaboration par Archipel Habitat et Icade;  54 logements dont 24 en accession aidée. Le dernier programme, E, de l'opération Normandie Saumurois  est actuellement  à l'étude par le promoteur Coop Habitat. Ce sont 40 logements en accession libre, dont <a target="_blank" href="https://www.coophabitat.fr/wp-content/uploads/2018/06/02-intentions.pdf">le projet d'habitat participatif sur 8 à 12 logements</a>. Deux immeubles collectifs sont en cours de chantier et seront livrés en 2020.	17 étages, c'est la hauteur de <a target="_blank" href="https://www.urbanmakers.eu/projet/normandie-saumurois/">la tour Michel Denis, résidence étudiante de 150 logements</a> qui se situe à  l'entrée du quartier. Ce premier programme, livré en 2017 et  créé par les agences d'architectures Urbanmakers et THE architectes pour le bailleur Archipel Habitat, se compose aussi d'un parking silo, sur le toit duquel ont été construites douze maisons individuelles et  d'un  pôle santé et de locaux associatifs adressés avenue Winston Churchill.	stories/projets_urba/medias/Images/Normandie_Saumurois/Photo1.jpg	© DAUH/SPEU	État d'avancement du projet	stories/projets_urba/medias/Images/Normandie_Saumurois/Photo2.jpg	  © Urbanmakers architectes	La tour Michel Denis  	stories/projets_urba/medias/Images/Normandie_Saumurois/Photo3.png	 © Desaleux-Soares architectes 	Le programme New Vill de Kéredes est actuellement en chantier 	stories/projets_urba/medias/Images/Normandie_Saumurois/Photo4.jpg	© DR	Le square Saumurois inauguré en décembre 2019 	stories/projets_urba/medias/Images/Normandie_Saumurois/Photo5.jpg	 © Atelier du Canal	Le programme d'habitat participatif de Coop Habitat associé à Epok					https://www.urbanmakers.eu/projet/normandie-saumurois/	<a target="_blank" href="http://www.presse.metropole.rennes.fr/accueil/documents-presse/dossiers-de-presse/27-3063/inauguration-du-programme-a-de-la-zac-normandie-saumurois">Plus d'informations</a>	1349515.29	7224448.4
Blosne Est	Projet d'aménagement	20	Ville de Rennes	Urbaniste : Buro (C. Cuny), Paysagiste : Origami, Intervenant artistique : Ars Nomadis	38 hectares	 1100 logements, 9 000 m² SP d'activités et services	Le Blosne, une rénovation urbaine de grande ampleur	Au sud-est de la ville, le quartier du Blosne est sorti de terre dans les années  1968-1980, dans le cadre d'une procédure de ZUP. Composé de grands ensembles et d'espaces verts généreux, ce quartier d'habitat social de 200 hectares est aujourd'hui au cœur du programme  de renouvellement urbain de la ville de Rennes. Les actions sont financées dans le cadre du  nouveau programme national de rénovation urbaine (NPNRU 2016-2026) et concernent actuellement la partie Est du Blosne  (51 hectares).	Ce projet consiste à redynamiser le quartier,  qui a perdu beaucoup d'habitants ces dernières années. Plusieurs actions sont mises à l'œuvre; la construction et la réhabilitation  de logements familiaux  pour l'accueil de nouveaux habitants, la création d'un cœur de quartier autour de <a target="_blank" href="https://metropole.rennes.fr/la-place-jean-normand-nouveau-coeur-du-blosne">la place Jean Normand</a>, l'installation d'activités et d'équipements supplémentaires,  et la valorisation des espaces publics pour un meilleur cadre de vie. 1300 nouveaux logements sont construits sous la forme de petits immeubles collectifs ou d'intermédiaires en accession à la propriété. Plusieurs réhabilitations de tours ou d'immeubles sont en cours ou déjà réalisées pour un meilleur confort énergétique et acoustique mais aussi  pour des transformations plus importantes comme l'intégration de services ou de logements supplémentaires (la résidence étudiante du Samara, par exemple). L'implantation d'activités, de commerces et de bureaux, 35 000 m²,  est un enjeu important pour développer l'emploi dans le quartier ; un pôle emploi a ouvert en 2016, le Sépia et un pôle d'économie solidaire et sociale, livré en 2020, le Quadri. Un équipement phare, <a target="_blank" href="https://metropole.rennes.fr/le-conservatoire-au-coeur-du-blosne">le Conservatoire municipal à rayonnement régional</a> s'implante au centre du Blosne Est, pour offrir  aux 200 élèves des  classes orchestres du quartier  un outil de travail performant et compléter le site de la rue Hoche au centre-ville. D'autres équipements comme le pôle associatif et la halle multifonctions, à dominante sportive,  vont accueillir  dans des locaux adaptés  les nombreuses associations présentes sur ce quartier.	Square Alexis le Strat et square des Hautes Ourmes, les premiers programmes de logements sont en cours de construction et seront livrés de 2020 à 2021. Le chantier du conservatoire est en cours, les travaux de la place Jean Normand ont commencé et les travaux du pôle associatif commenceront en octobre 2020. Au conseil municipal du 21 janvier 2019, le « contrat de revitalisation commerciale et artisanale » de Blosne-Est a été approuvé. Il s'agit d'implanter <a target="_blank" href="https://metropole.rennes.fr/le-blosne-un-pole-commercial-central-en-2023">un pôle commercial</a>, 5000 m² de commerces en rez-de chaussée de nouveaux logements  (dont une résidence étudiante de l'ENS), sur la place Jean Normand . En contrepartie, les centres commerciaux de Landrel, Sainte-Élisabeth et Torigné seront reconfigurés. 	Depuis 2010, <a target="_blank" href="https://fr.calameo.com/read/005416234c25f80e02659?page=3">un dispositif spécifique de concertation</a> a été mené par la collectivité avec les habitants du quartier pour recueillir leurs expériences et leurs attentes, les faire réagir aux propositions du projet et travailler au sein de groupes de travail et de réflexion. Dans ce cadre, de nombreux projets ont fait l'objet d'une concertation avec les habitants dont la Rambla, la place du Banat et la Maison du projet. Un bilan de la concertation 2016-2018 est publié et rend compte de ces actions multiples. 	stories/projets_urba/medias/Images/Blosne_Est/Photo1.jpg	© DAUH/SPEU	État d'avancement du projet 	stories/projets_urba/medias/Images/Blosne_Est/Photo2.jpg	 © J. Gonzalez / Rennes, Ville et Métropole	Une réhabilitation de logements 	stories/projets_urba/medias/Images/Blosne_Est/Photo3.jpg	© Anthracite Architecture	De nouveaux logements en construction, promoteur Réalités 	stories/projets_urba/medias/Images/Blosne_Est/Photo4.jpg	 © Paumier architectes / Alexandre  Wasilewski	Le Sépia, avec le pôle emploi   	stories/projets_urba/medias/Images/Blosne_Est/Photo5.png	 © Antoine Virga architecte	Un nouvel équipement,  le pôle associatif 					https://fr.calameo.com/read/005416234c25f80e02659?page=3	<a target="_blank" href="https://metropole.rennes.fr/le-blosne-demain">Plus d'informations</a>	1353378.05	7220225.21
Centre des Congrès - Couvent des Jacobins	Projet architectural	21	Rennes Métropole	Architectes : Atelier Jean Guervilly  Françoise Mauffret  David Cras et Alain-Charles Perrot (Architecte en Chef des Monuments Historiques)	15 000m²	Deux auditoriums de 1000 et 300 places, une salle de congrès de 500 places, 20 salles de réunions modulables et des espaces d'exposition et de restauration	Centre des Congrès - Couvent des Jacobins		Le site de l'ancien couvent des Jacobins a été retenu pour la réalisation d'un centre des congrès :deux auditoriums (1000 et 300 places)  une salle à  plat de 500 places  une vingtaine de salles de réunion ainsi que  des espaces polyvalents d'exposition et de restauration																								1351654.23	7223384.51
Cité Internationale	Projet architectural	22	Rennes Métropole	Architecte : Hérault-Arnod	7143 m²	Un centre de mobilité internationale, une résidence etudiante de 79 chambres, le siège de l'iunversité Bretagne Loire et un équipement sportif municipal	Cité Internationale		La construction de la Cité Internationale poursuit un double objectif : accueillir et héberger la recherche internationale tout en offrant une vitrine à  la métropole rennaise et à  la région Bretagne. Ce projet s'inscrit dans une intégration environnementale et compacte d'équipements en milieu urbain.																								1352035.8	7222451.69
Mail	Projet d'aménagement	23	Ville de Rennes - Territoires & Développement	Urbaniste/ Paysagiste : A.Chemetoff	15,3 hectares	1 500 logements, 4230 m² SP d'activités	Le Mail, le centre-ville s'étend à l'Ouest	À l'Ouest, proche du centre-ville, la transformation du quartier du Mail lancée en 1987, fait partie avec la Zac de la Mabilais d'un projet de plus grande ampleur, l'opération des "bords de Vilaine. Ce sont les premiers quartiers d'une reconquête des berges de la Vilaine sur près de 900m, avec  30 hectares de territoire à restructurer  pour  développer l'offre d'habitat, de commerces et d'espaces publics.	Sur quinze hectares, le renouvellement urbain de cette partie du quartier de Bourg L'Évêque, a permis la construction de 1600 logements et la création de 4000 m² de bureaux et commerces.  Près de trois hectares  d'espaces verts sont créés. Les quais St-Cyr  sont un lieu de balade et de détente au bord du fleuve, larges espaces plantés bordant les nouvelles constructions. Livré en 2015, <a target="_blank" href="stories/projets_urba/medias/Documents/Mail/Document1_Expo.pdf">le Mail Mitterrand</a>, rendu aux piétons, est redevenu un lieu de promenade, très apprécié des rennais. Il permet une liaison douce entre cette partie ouest de la ville et le centre-ville de Rennes, via les portes Mordelaises. Dans le même temps, le jardin de la Confluence a été restructuré à la pointe du Mail et fait face à la nouvelle opération d'aménagement de l'Octroi. La création des frères Bouroullec  "Kiosques"  viendra souligner cette trame paysagère du fleuve et de ce quartier.	Cette opération d'aménagement arrive à sa conclusion avec deux  projets encore en  construction; l'emblématique " Descente de Plélan" (voir ci-dessous) de 43 logements et sur le site de l'ancienne salle de sport du club de l'Avenir, rue Papu,  50 logements  du promoteur Arc immobilier avec l'agence d'architecture rennaise Chouzenoux.	<a target="_blank" href="stories/projets_urba/medias/Documents/Mail/Document2_la nouvelle gare.pdf">La « descente de Plélan »</a>, ou projet Inside  de Lamotte avec Barré-Lambot est un projet résolument contemporain, en briques, qui intègre à l’angle un petit bâtiment  inscrit au patrimoine bâti d’intérêt local et qui est réhabilité. Il a reçu le label "Audaces architecturales" 2017.	stories/projets_urba/medias/Images/Mail/Photo1.jpg	© DAUH/SPEU	État d'avancement du projet	stories/projets_urba/medias/Images/Mail/Photo2.jpg	 ©  MRW Zeppeline	Vue de la Confluence	stories/projets_urba/medias/Images/Mail/Photo3.jpg	 ©C. Le Dévéhat / Rennes, Ville et Métropole	Le Mail Mitterrand, lieu de détente 	stories/projets_urba/medias/Images/Mail/Photo4.jpg	 ©J.Gonzalez / Rennes, Ville et Métropole	Capmail, projet de Jean Nouvel 	stories/projets_urba/medias/Images/Mail/Photo5.jpg	Kiosques, installation des frères Bouroullec © 	Kiosques, installation des frères Bouroullec © 				stories/projets_urba/medias/Documents/Mail/Document2_la nouvelle gare.pdf			1350913.71	7222765.65
Station Saint-Jacques-Gaité	Station métro	26	Rennes Métropole - mandataire : SEMTCAR	Architecte : GOUYOU-BEAUCHAMPS / Fabien PEDELABORDE			Station Saint-Jacques-Gaité		Station souterraine – tranchée couverte. Cet emplacement permet de desservir la partie Sud du nouveau quartier de La Courrouze et le quartier du Pigeon Blanc, de desservir le site du futur grand équipement d'agglomération et de faciliter la lisibilité et l'accessibilité au pôle d'échanges multimodal.			stories/projets_urba/medias/Images//Photo1.jpg			stories/projets_urba/medias/Images//Photo2.jpg			stories/projets_urba/medias/Images//Photo3.jpg			stories/projets_urba/medias/Images//Photo4.jpg			stories/projets_urba/medias/Images//Photo5.jpg									1349846.85	7220952.44
Station La Courrouze	Station métro	27	Rennes Métropole - mandataire : SEMTCAR	Architecte : GOUYOU-BEAUCHAMPS / Fabien PEDELABORDE			Station La Courrouze		Station souterraine – tranchée couverte. Cet emplacement permet de desservir le coeur du pôle de la Courrouze.			stories/projets_urba/medias/Images//Photo1.jpg			stories/projets_urba/medias/Images//Photo2.jpg			stories/projets_urba/medias/Images//Photo3.jpg			stories/projets_urba/medias/Images//Photo4.jpg			stories/projets_urba/medias/Images//Photo5.jpg									1350270.87	7221428.3
Station Cleunay	Station métro	28	Rennes Métropole - mandataire : SEMTCAR	Architecte :  SUSAN DUNNE BERRANGER et VINCENT			Station Cleunay		Coupe transversale vers le nord. Station souterraine profonde. Profondeur des quais : -17 8m. Connexion transports : bus, le Vélo Star			stories/projets_urba/medias/Images//Photo1.jpg			stories/projets_urba/medias/Images//Photo2.jpg			stories/projets_urba/medias/Images//Photo3.jpg			stories/projets_urba/medias/Images//Photo4.jpg			stories/projets_urba/medias/Images//Photo5.jpg									1349715.83	7221924.57
Station Mabilais	Station métro	29	Rennes Métropole - mandataire : SEMTCAR	Architecte : ZUNDEL et CRISTEA ARCHITRAM			Station Mabilais		Niveau -1 : vue partielle de la salle de billets. Station souterraine profonde. Profondeur des quais : -20, 6m. Connexion transports : bus, le Vélo Star			stories/projets_urba/medias/Images//Photo1.jpg			stories/projets_urba/medias/Images//Photo2.jpg			stories/projets_urba/medias/Images//Photo3.jpg			stories/projets_urba/medias/Images//Photo4.jpg			stories/projets_urba/medias/Images//Photo5.jpg									1350765.84	7222312.38
Station Colombier	Station métro	30	Rennes Métropole - mandataire : SEMTCAR	Architecte : ZUNDEL et CRISTEA ARCHITRAM			Station Colombier		Niveau -2 : la mezzanine. Station souterraine profonde. Profondeur des quais : -20 m. Connexion transports : bus, le Vélo Star			stories/projets_urba/medias/Images//Photo1.jpg			stories/projets_urba/medias/Images//Photo2.jpg			stories/projets_urba/medias/Images//Photo3.jpg			stories/projets_urba/medias/Images//Photo4.jpg			stories/projets_urba/medias/Images//Photo5.jpg									1351551.69	7222357.12
Station Gares	Station métro	31	Rennes Métropole - mandataire : SEMTCAR	Architecte : ZUNDEL et CRISTEA ARCHITRAM			Station Gares		Vue générale du volume intérieur de la station. Station souterraine profonde. Profondeur des quais : -25, 6m. Connexion transports : bus, TGV, TER, métro ligne a, cars interurbains			stories/projets_urba/medias/Images//Photo1.jpg			stories/projets_urba/medias/Images//Photo2.jpg			stories/projets_urba/medias/Images//Photo3.jpg			stories/projets_urba/medias/Images//Photo4.jpg			stories/projets_urba/medias/Images//Photo5.jpg									1352288.44	7222125.45
Station Saint-Germain	Station métro	32	Rennes Métropole - mandataire : SEMTCAR	Architecte : ZUNDEL et CRISTEA ARCHITRAM			Station Saint-Germain		Niveau -3 : vue depuis le quai  direction Saint-Jacques-Gaité. Station souterraine profonde. Profondeur des quais : -19, 5m. Connexion transports : bus, le Vélo Star			stories/projets_urba/medias/Images//Photo1.jpg			stories/projets_urba/medias/Images//Photo2.jpg			stories/projets_urba/medias/Images//Photo3.jpg			stories/projets_urba/medias/Images//Photo4.jpg			stories/projets_urba/medias/Images//Photo5.jpg									1352020.72	7222855.02
Station Sainte-Anne	Station métro	33	Rennes Métropole - mandataire : SEMTCAR	Architecte : CANAL ARCHITECTURE  T. ROTY  8'18''  BETEREM			Station Sainte-Anne		Niveau -4 : vue depuis le quai  direction Saint-Jacques-Gaité. Station souterraine profonde. Profondeur des quais : -19, 9m. Connexion transports : métro ligne a, le Vélo Star			stories/projets_urba/medias/Images//Photo1.jpg			stories/projets_urba/medias/Images//Photo2.jpg			stories/projets_urba/medias/Images//Photo3.jpg			stories/projets_urba/medias/Images//Photo4.jpg			stories/projets_urba/medias/Images//Photo5.jpg									1351775.34	7223331.03
Station Jules Ferry	Station métro	34	Rennes Métropole - mandataire : SEMTCAR	Architecte : SUSAN DUNNE  BERRANGER et VINCENT			Station Jules Ferry		Niveau -3 : vue depuis le quai  direction Saint-Jacques-Gaité.Station souterraine profonde. Profondeur des quais : -15,6m. Connexion transports : bus, le Vélo Star			stories/projets_urba/medias/Images//Photo1.jpg			stories/projets_urba/medias/Images//Photo2.jpg			stories/projets_urba/medias/Images//Photo3.jpg			stories/projets_urba/medias/Images//Photo4.jpg			stories/projets_urba/medias/Images//Photo5.jpg									1352484.1	7223722.82
Station Gros Chêne	Station métro	35	Rennes Métropole - mandataire : SEMTCAR	Architecte : SUSAN DUNNE  BERRANGER et VINCENT			Station Gros Chêne		Niveau -4 : vue depuis le quai  direction Cesson Viasilva. Station souterraine profonde. Profondeur des quais : -15,1m. Connexion transports : bus  Le Vélo Star			stories/projets_urba/medias/Images//Photo1.jpg			stories/projets_urba/medias/Images//Photo2.jpg			stories/projets_urba/medias/Images//Photo3.jpg			stories/projets_urba/medias/Images//Photo4.jpg			stories/projets_urba/medias/Images//Photo5.jpg									1352995.41	7224408.45
Station Les Gayeulles	Station métro	36	Rennes Métropole - mandataire : SEMTCAR	Architecte : ATELIER SCHALL			Station Les Gayeulles		Niveau rez de chaussée : hall d'entrée de la station. Station souterraine profonde. Profondeur des quais : -14, 2m. Connexion transports : parc relais, bus, le Vélo Star			stories/projets_urba/medias/Images//Photo1.jpg			stories/projets_urba/medias/Images//Photo2.jpg			stories/projets_urba/medias/Images//Photo3.jpg			stories/projets_urba/medias/Images//Photo4.jpg			stories/projets_urba/medias/Images//Photo5.jpg									1353556.86	7224853.6
Station Irène Joliot-Curie	Station métro	37	Rennes Métropole - mandataire : SEMTCAR	Architecte : GOUYOU-BEAUCHAMPS  Fabien PEDELABORDE			Station Irène Joliot-Curie		Niveau -1 : vue depuis le quai direction Saint-Jacques-Gaité. Station souterraine peu profonde. Profondeur des quais : -6,8m. Connexion transports : bus, le Vélo Star			stories/projets_urba/medias/Images//Photo1.jpg			stories/projets_urba/medias/Images//Photo2.jpg			stories/projets_urba/medias/Images//Photo3.jpg			stories/projets_urba/medias/Images//Photo4.jpg			stories/projets_urba/medias/Images//Photo5.jpg									1353952.26	7224241.43
Station Beaulieu Université	Station métro	38	Rennes Métropole - mandataire : SEMTCAR	Architecte : ANTHRACITE AMA 			Station Beaulieu Université		Vue de la station depuis le sud. Station aérienne.Profondeur des quais : +9m. Connexion transports : bus, le Vélo Star			stories/projets_urba/medias/Images//Photo1.jpg			stories/projets_urba/medias/Images//Photo2.jpg			stories/projets_urba/medias/Images//Photo3.jpg			stories/projets_urba/medias/Images//Photo4.jpg			stories/projets_urba/medias/Images//Photo5.jpg									1354859.3	7223965.71
Station Atalante	Station métro	39	Rennes Métropole - mandataire : SEMTCAR	Architecte : ANTHRACITE AMA 			Station Atalante		Station aérienne – Viaduc. Cet emplacement permet de desservir la partie Sud du secteur d’habitat des Longs Champs et le secteur tertiaire de Rennes Atatlante.			stories/projets_urba/medias/Images//Photo1.jpg			stories/projets_urba/medias/Images//Photo2.jpg			stories/projets_urba/medias/Images//Photo3.jpg			stories/projets_urba/medias/Images//Photo4.jpg			stories/projets_urba/medias/Images//Photo5.jpg									1355720.06	7224466.07
Station Cesson Viasilva	Station métro	40	Rennes Métropole - mandataire : SEMTCAR	Architecte : ANTHRACITE AMA 			Station Cesson Viasilva		Station aérienne – Viaduc. Cet emplacement permet de desservir le coeur de la Technopôle Atalante Beaulieu, de créer une articulation entre les sites actuels et futurs de la Technopôle et le nouveau quartier de Cesson-Sévigné, Via Silva. 			stories/projets_urba/medias/Images//Photo1.jpg			stories/projets_urba/medias/Images//Photo2.jpg			stories/projets_urba/medias/Images//Photo3.jpg			stories/projets_urba/medias/Images//Photo4.jpg			stories/projets_urba/medias/Images//Photo5.jpg									1356332.94	7224921
La Courrouze	Projet d'aménagement	41	Rennes Métropole - Territoires & Développement	Urbanistes : Studio - Sechhi/Vigano, Paysagiste : Charles Dard	120 hectares	4900 logements, 180283 m² SP de commerce, de bureaux et d'autres activités	La Courrouze, d'une friche militaire  à un éco-quartier	Situé au sud-ouest du territoire rennais, en intra-rocade, cette opération d'aménagement s'étend sur 115 hectares d'anciens terrains d'industrie militaire entre  St Jacques de la Lande et  Rennes. Initié dans les années 2000 par la réflexion sur la 2ème ligne de métro qui le desservira en 2020, ce nouveau quartier accueillera à terme, quelques 10 000 habitants et 3 000 emplois. 	"Le projet de renouvellement urbain s'est donné pour ambition de créer un nouveau quartier qui tisse des liens avec ses voisins (Cleunay,  Arsenal-Redon et le Pigeon Blanc), en respectant et en valorisant le patrimoine bâti et végétal présents sur les lieux. En effet, sur cette ancienne friche enclose de murs, toute une végétation s'est développée se mêlant aux anciennes halles industrielles et créant des ambiances bien particulières (par exemple, <a target=""_blank"" href=""
https://metropole.rennes.fr/cartoucheries-nouveau-lieu-de-vie-la-courrouze
"">les Cartoucheries</a>). Le projet comprend onze secteurs dont l'un devient un pôle de quartier (le pôle Courrouze et ses commerces desservis par la station de métro Courrouze) et un autre un pôle d'activités (quartier d'affaires Dominos desservis par la station de métro Gaieté et le parking relais en bord de rocade). 4800 logements seront construits à terme, et 180 000 m² de bureaux, services, et commerces. Des équipements publics majeurs se construisent comme <a target=""_blank"" href=""https://metropole.rennes.fr/rendez-vous-lantipode"">l'Antipode</a>, salle de musiques actuelles, deux stations de métro, et deux groupes scolaires, <a target=""_blank"" href=""stories/projets_urba/medias/Documents/LaCourrouze/Document 1_Simone_Veil.pdf"">Simone Veil</a> à Rennes et Gabriel Péri à St Jacques de la Lande. Avec 40 hectares d'espaces verts, ce quartier devient un grand parc urbain en continuité avec  la Prévalaye. Les enjeux de qualité environnementale sont forts ; récupération eaux pluviales, panneaux solaires obligatoires, performance énergétique, gestion des déchets etc…."	"Quatre secteurs sont entièrement livrés avec les aménagements d'espaces publics; le Bois Habité, Jules Verne, Maisons dans les bois et le jardin de Cleunay. Une partie des immeubles en cœur de quartier (Pôle Courrouze) sont livrés avec  les premiers commerces. Deux secteurs vont bientôt engagés des chantiers;  Euroshelter sur Rennes avec 110 logements et Pôle Mermoz sur St Jacques de la Lande avec  232 logements. Le secteur Dominos, près de la Rocade, est le pôle économique de la Courrouze et deux immeubles de bureaux et logements sont en cours d'étude. Les deux stations de métro seront livrées d'ici le printemps 2021 et le parking relais est en construction. 

"	"Ambitieux en matière de développement durable,  ce projet a été retenu en 2013 par le Ministère du Logement et de l’Égalité des territoires pour participer à la démarche de label national <a target=""_blank"" href=""https://www.lacourrouze.fr/decouvrir-le-projet-urbain/l-ecoquartier"">""Ecoquartier""</a>.
Cette ambition d'excellence durable se poursuit avec l'obtention d'un référentiel territorialisé qui possède ses propres spécificités et identité : le NF Habitat HQE Courrouze. C'est une démarche expérimentale et la Courrouze est le premier quartier en France à en bénéficier.
"	stories/projets_urba/medias/Images/LaCourrouze/Photo1.jpg	© DAUH/SPEU	État d'avancement du projet	stories/projets_urba/medias/Images/LaCourrouze/Photo2.jpg	 © J.Gonzalez / Rennes, Ville et Métropole	Maisons dans les bois,  logements  	stories/projets_urba/medias/Images/LaCourrouze/Photo3.jpg	 © A.Loubry / Rennes, Ville et Métropole	La halle GP7, patrimoine industriel, bientôt réhabilitée 	stories/projets_urba/medias/Images/LaCourrouze/Photo4.jpg	 © D.Gouray / Rennes, Ville et Métropole	La place Jeanne Laurent et ses commerces	stories/projets_urba/medias/Images/LaCourrouze/Photo5.png	 @ Brenac &Gonzalez	Le groupe scolaire Simone Veil, bientôt en chantier					https://www.lacourrouze.fr/decouvrir-le-projet-urbain/l-ecoquartier	<a target="_blank" href="https://metropole.rennes.fr/ici-cleunay-la-courrouze-un-quartier-trois-histoires">Plus d'informations</a>	1350133.14	7221360.28
Place Sainte-Anne	Espace public	43	Ville de Rennes – Rennes Métropole à partir de 2017	Urbanistes : Ilex Paysages & Urbanisme (mandataires) – Céramide – Encore heureux – Paul-Eric Schirr-Bonnans			Place Sainte-Anne		La place Sainte-Anne sera composée de deux espaces, connectés entre eux par un escalier orienté Sud-Nord entre la rue de Penhoët et la rue de Saint-Malo. La place haute offrira un parvis dégagé devant l'église Saint-Aubin, propice au développement de manifestations. La place basse, côté Centre des Congrès, proposera un espace boisé plus intimiste organisé autour du manège, ainsi qu'une surface ouverte devant l'entrée du Centre des Congrès. Une rampe d'accès viendra s'insérer entre les escaliers en partie sud afin de permettre une continuité de cheminement pour les personnes à mobilité réduite, et de faciliter le fonctionnement de la place. La circulation automobile sera renvoyée en périphérie de l'aménagement.																								1351741.74	7223302.71
Maurepas Gros Chêne	Projet d'aménagement	44	Ville de Rennes Territoires Publics	Urbaniste : TGT, Paysagiste : Atelier Ruelle			Maurepas Gros Chêne, une nouvelle dynamique	Au nord-est de la ville, construit en 1960 sur des terrains alors agricoles, le quartier de Maurepas est le plus ancien et le plus grand quartier social de Rennes. La partie  Maurepas Gros Chêne, 40 hectares, se situe entre le centre commercial avenue Patton, le boulevard Rochester et le Parc de Maurepas et se signale à l'ensemble de la ville par ses tours. Le passage de la ligne B du métro et l'installation de la station Gros Chêne en plein cœur du quartier est le déclencheur du  projet de renouvellement urbain (NPNRU 2016-2026) engagé depuis 2016.	L'un des principaux objectif de ce projet est d'améliorer et de diversifier l'offre d'habitat avec la réhabilitation de près de 1600 logements et la construction d'environ 300 logements neufs.  De l'accession à la propriété, des résidences pour jeunes actifs et des logements familiaux réhabilités, les nouveaux habitants vont amener une nouvelle mixité sociale et intergénérationnelle. Un autre enjeu est d'ouvrir et de désenclaver le quartier en repensant les accès et les cheminements ; un lien avec Maurepas Gayeulles par le boulevard Rochester requalifié et un lien avec le centre-ville par le métro bien sûr mais aussi par des liaisons douces vers la coulée verte de Patton pour descendre sur les prairies St Martin. Enfin, une réorganisation des équipements et  des commerces, est nécessaire ; le centre commercial est retourné vers la future station de métro et au groupe scolaire Trégain bientôt réhabilité vient s'ajouter une nouvelle école place de l'Europe. Ce projet compte également redynamiser les activités économiques sur le secteur et ainsi créer des emplois.	Plusieurs opérations de réhabilitation de logements  sont en cours ou commenceront en 2020 ; les résidences Louvain, Parmentier, Exeter et Charpentier (300 logements),  les immeubles de la Marbaudais  (70 logements), les tours Mounier (70 logements) et les deux tours Dayot et Widor (96 logements). Des équipements sont en projet : <a target="_blank" href="https://metropole.rennes.fr/une-troisieme-ecole-maurepas-en-2023">le nouveau groupe scolaire de quatorze classes sur le secteur Europe conçu par TANK architectes et ALL architectes</a>, la requalification du centre commercial de 4000 m² (programmation redéfinie)  et ses abords (liaison avec la station de métro Gros Chêne). 	<a target="_blank" href="https://metropole.rennes.fr/dix-tours-reinventer">La réhabilitation des dix tours d'Archipel Habitat</a>, Mounier et Brno, est un projet ambitieux dont l'objectif est la requalification forte avec la valorisation des points de vue, un confort thermique et acoustique,  une redistribution des logements et une mixité sociale diversifiée. Ces projets s'élaborent avec une importante implication des habitants. Après plus d'un an d'étude et de concertation, les travaux ont commencé sur les tours Mounier et les tours Brno sont en étude.	stories/projets_urba/medias/Images/Maurepas_Gros_Chene/Photo1.jpg	© DAUH/SPEU	État d'avancement du projet 	stories/projets_urba/medias/Images/Maurepas_Gros_Chene/Photo2.jpg	 © J. Gonzalez / Rennes, Ville et Métropole	Maurepas Gros Chêne, des espaces verts très présents 	stories/projets_urba/medias/Images/Maurepas_Gros_Chene/Photo3.jpg	 © Didier Gouray / Rennes, Ville et Métropole.	La Maison du projet, installée dans l'ancienne pharmacie du centre commercial Gros Chêne	stories/projets_urba/medias/Images/Maurepas_Gros_Chene/Photo4.jpg	  © Gueysse / BMC2 architectes	La réhabilitation des tours Mounier, pour un meilleur confort d'usage  	stories/projets_urba/medias/Images/Maurepas_Gros_Chene/Photo5.png	© Susan Dunne/Berranger-Vincent architectes	La station Gros Chêne  				"stories/projets_urba/medias/Documents/Maurepas_Gros_Chene/
"	https://metropole.rennes.fr/dix-tours-reinventer	<a target="_blank" href="https://metropole.rennes.fr/maurepas-gros-chene-la-metamorphose-dun-quartier">Plus d'informations</a>	1353153.73	7224538.97
Bois Perrin	Site à l'étude	45	Ville de Rennes				Bois Perrin																										1354254.9	7223222.39
Ilot Hoche	Site à l'étude	46	Ville de Rennes				Ilot Hoche																										1352039.46	7223253.56
Hôtel dieu	Projet d'aménagement	47	 Linkcity Grand Ouest avec pour partenaires la ville de Rennes, Territoires Publics et l'établissement public foncier de Bretagne (EPFB)	Agence Nicolas Michelin et Associés, ALL Laurent Lagadec	3 hectares	300 logements et 8000m² commerces, services, loisirs	Hôtel Dieu, un enclos patrimonial qui s'ouvre sur la ville	Construit en 1858, bâti caractéristique des hôpitaux  du 19ème siècle, cet établissement constitue un ensemble historique à forte valeur patrimoniale dont l'aménagement urbain est stratégique. En effet, le site de 2 hectares est  à quelques mètres du centre des Congrès et proche du nouveau parc naturel des prairies Saint-Martin, lien entre le nord de la ville et le centre ancien. 	Depuis les années 2000, les activités hospitalières de <a target="_blank" href="http://www.presse.metropole.rennes.fr/upload/espace/1/pj/1819_1739_DP_presentation_HotelDieu_juin2017.pdf">l'Hôtel-Dieu</a>,  sont transférées vers le CHU Pontchaillou à Villejean, libérant ainsi une emprise foncière au cœur de la ville. À l’issu d’un appel à manifestation d’intérêt lancé par le CHU, l’opérateur urbain Linkcity (groupe Bouygues)  a été retenu pour conduire sa requalification. L’objectif  est de  garder l’identité patrimoniale de l’Hôtel Dieu, tout en le transformant en un lieu de vie et d'habitat pour tous les Rennais. Le projet, conçu par les architectes Nicolas Michelin et Laurent Lagadec,  prévoit de nouvelles constructions s'insérant  sur du terrain libéré par les démolitions  et une réhabilitation de la partie la plus ancienne (cloître, chapelle et bâtiments centraux). D'ici 2024, 300 logements, un pôle de santé (une salle de sport, un spa-hammam, une maison de la santé), un hostel de 200 chambres pour les touristes urbains, des commerces et de la restauration, un pôle de loisirs urbains et le conservatoire du patrimoine hospitalier, y prendront place. Cet ensemble va contribuer  à l'animation du centre-ville de Rennes et en frange Est, l'aménagement du mail de la Cochardière le connectera au jardin des Tanneurs.	Une importante phase de concertation a eu lieu sur l'année 2018. Depuis septembre 2019, le site, partie sud, est ouvert aux Rennais, avec un espace éphémère proposant une  salle d'escalade, un lieu de restauration et des surfaces disponibles pour les porteurs de projet. Cette expérimentation est portée  par <a target="_blank" href="http://rennes.theroof.fr/">The Roof</a>, prestataire de loisirs,  afin de tester pendant trois ans les différents usages du lieu. L'année 2020 sera également une année consacrée à la poursuite des  fouilles archéologiques après celles menées sur l'ilot voisin de la Cochardière. 	Du 11 juillet 1940 au 4 août 1944, l’armée allemande a transformé l’hôtel-Dieu en hôpital de guerre. D’où la présence, aujourd'hui insolite, d’un blockhaus au cœur du site et il sera conservé en l’état comme témoin de l’histoire locale. Autre originalité, l'hôtel Dieu abrite les collections du <a target="_blank" href="https://www.cphr.fr/">Conservatoire du Patrimoine Hospitalier de Rennes (CPHR)</a> depuis 2011, et ce musée  sera maintenu sur le site dans un nouveau bâtiment. 	stories/projets_urba/medias/Images/Hotel_Dieu/Photo1.jpg	© DAUH/SPEU	État d'avancement du projet	stories/projets_urba/medias/Images/Hotel_Dieu/Photo2.jpg	 © Aristide Tourneux	vue perspective de l'ensemble du projet en 1852 	stories/projets_urba/medias/Images/Hotel_Dieu/Photo3.jpg	© Franck Hamon/ Rennes, Ville et Métropole	Le bunker, au cœur du site 	stories/projets_urba/medias/Images/Hotel_Dieu/Photo4.jpg	© J.Mignot/ Rennes, Ville et Métropole	Le cloître investi par les Rennais 	stories/projets_urba/medias/Images/Hotel_Dieu/Photo5.jpg	 © J.Mignot/ Rennes, Ville et Métropole	Les salles d'escalade 					https://www.cphr.fr/	<a target="_blank" href="https://rennes-hotel-dieu.com/actualites/">Plus d'informations</a>	1351864.5	7223686.15
Guines	Projet d'aménagement	48	Ville de Rennes-Territoires Publics	Urbaniste : Sathy, Paysagiste : La Forme et l'Usage, 	2,5 hectares	460 logements, une crèche et des espaces publics	Guines, une friche militaire se transforme	En 2017, dans le cadre de mobilisation du foncier de l'État pour le logement social, la ville de Rennes achète à la Défense ce terrain de 2, 5 hectares situé derrière la cité judiciaire et la caserne Foch. Cette friche militaire est à deux pas du  centre-ville, de la nouvelle station de métro Mabilais, et côtoie  plusieurs projets majeurs comme EuroRennes, La Courrouze ou Madeleine, qui jalonnent le bord des voies ferrées.  À terme, la démilitarisation de la caserne Foch complètera l'urbanisation de ce quartier.	La construction de <a target="_blank" href="stories/projets_urba/medias/Documents/Guines/Document 1_ les_projets_architecturaux_Guines_2018.pdf">460 logements</a> est programmée jusqu'en 2022, 80 % de ces logements sont du locatif social ou intermédiaire, de l'accession régulée et aidée.  Le long du boulevard Coinwoïon, ce sont trois collectifs de quinze étages qui font lien avec les immeubles de la cité Judiciaire. Rue d'Inkermann, des logements intermédiaires de deux étages maximum  font face à l'ouest aux maisons de quartier. Deux rues intérieures sont créées au nord et au sud pour desservir les nouveaux bâtiments. La requalification des boulevard Guines et Conwoïon permet de créer des liaisons en mode doux d'ouest en est (de la Vilaine à la gare) et du sud au nord (de la périphérie au centre-ville).Des espaces publics nouveaux vont voir le jour : un square en cœur du projet et un parc urbain le long du boulevard Conwoïon comme trait d'union entre le vallon Jules Verne et le skate parc de la cité judiciaire. 	"Les permis de  construire des six programmes immobiliers sont délivrés et les travaux vont commencer à partir de mai 2020. Voici le détail des six programmes (consulter le plan) :
A1/B1, HABITATION FAMILIALE avec Nicolas-Le Hen architectes et Tania Concko architecture, 62 logements en accession aidée
A2, NÉOTOA/SNI avec Petitdidier Prioux architectes, 122 logements dont 30 en accession libre
B2, AIGUILLON CONSTRUCTION, avec Hamonic-Masson architectes, 89 logements dont 22 en accession libre
C1, ARCHIPEL HABITAT avec Périphériques architectes, 90 logements en accession aidée et en locatif social
C2, ESPACIL avec Rubio / ITAR architectes, 110 logements dont 43 en accession libre
"	<a target="_blank" href="https://www.hamonic-masson.com/Secteur-Guines-Rennes">Le projet d'Aiguillon Construction avec Hamonic- Masson architectes</a> a été distingué comme audace architecturale en 2017.	stories/projets_urba/medias/Images/Guines/Photo1.jpg	© DAUH/SPEU	État d'avancement du projet 	stories/projets_urba/medias/Images/Guines/Photo2.jpg	  © DAUH/AO	les programmes immobiliers, détails 	stories/projets_urba/medias/Images/Guines/Photo3.png	© Hamonic-Masson architectes	Un  collectif de quinze étages, Audace Architecturale 2017 (B2) 	stories/projets_urba/medias/Images/Guines/Photo4.png	 © Périphériques architectes	Les logements d'Archipel Habitat (C1) 	stories/projets_urba/medias/Images/Guines/Photo5.png	© Nicolas-le Hen architectes	Les logements intermédiaires sur la rue d'Inkermann (A1/B1) 					https://www.hamonic-masson.com/Secteur-Guines-Rennes		1350900.09	7221985.21
Caserne Guillaudot	Site à l'étude	49					Caserne Guillaudot																										1352162.16	7223411.98
Haut Sancé	Projet d'aménagement	51	Ville de Rennes	Urbaniste : COBE architecture et paysage	5 hectares 	 381 logements, 1400m² SP de commerces et 1000m² d'activités et de services.	Haut Sancé																										1354681.53	7221211.5
Pontchaillou	Site à l'étude	52	CHU, Ville de Rennes et SNCF Réseau	Paysagiste : Bruno Remoué et Associés			Pontchaillou					stories/projets_urba/medias/Images//Photo1.jpg						stories/projets_urba/medias/Images//Photo3.jpg			stories/projets_urba/medias/Images//Photo4.jpg			Photo5.jpg									1351038.66	7223845.17
Prairies St Martin	Projet d'aménagement	53	Ville de Rennes	Paysagiste : Base	29 hectares		Prairies Saint Martin, un parc naturel au cœur de Rennes		Le projet de parc naturel urbain des prairies Saint-Martin se développe autour de l'intérêt écologique que représentent les 29,4 hectares d’espaces naturels du site. L’eau occupe une place fondamentale dans le projet. La gestion hydraulique du site permettra en effet de créer des milieux très divers, du plus sec au plus humide. Étangs, roselière, prairies inondables, jardins filtrants ou berges aménagées offriront aux Rennais autant de terrains de promenades et d’activités.			stories/projets_urba/medias/Images/Prairies_Saint-Martin/Photo1.jpg			stories/projets_urba/medias/Images/Prairies_Saint-Martin/Photo2.jpg			stories/projets_urba/medias/Images/Prairies_Saint-Martin/Photo3.jpg			stories/projets_urba/medias/Images/Prairies_Saint-Martin/Photo4.jpg			stories/projets_urba/medias/Images/Prairies_Saint-Martin/Photo5.jpg									1352352.58	7224292.05
Route de Lorient / Barre Thomas	Site à l'étude	56	Ville de Rennes				Route de Lorient / Barre Thomas					stories/projets_urba/medias/Images//Photo1.jpg			stories/projets_urba/medias/Images//Photo2.jpg			stories/projets_urba/medias/Images//Photo3.jpg			stories/projets_urba/medias/Images//Photo4.jpg			stories/projets_urba/medias/Images//Photo5.jpg									1348471.14	7222915.95
Vallée de la Vilaine	Projet d'aménagement	57	Rennes Métropole, les communes de Bruz, Chavagne, Laillé, Le Rheu, Rennes, Saint-Jacques-de-la Lande, Vezin-le-Coquet	Paysagiste : TER	3500 hectares		La vallée de la Vilaine, la révélation d'un territoire	Depuis 2015, Rennes Métropole et les sept communes qui bordent la vallée au sud de la Vilaine avec  l'Agence Ter (paysagistes) et la coopérative culturelle Cuesta, définissent une  stratégie de valorisation de ce territoire de plus de 3 500 hectares. De Rennes à Laillé, la Vilaine serpente sur 25 km de long et donne tout son caractère et charme à ce paysage particulier composé d'étangs, de forêts, et de terres agricoles avec un patrimoine écologique méconnu, mais aussi un passé industriel riche, lié aux gravières, sablières, et moulins.	Aujourd'hui, hormis le chemin de halage, la vallée est peu accessible. L'armature du projet d'aménagement repose sur la réalisation de parcours de promenade continue de Rennes à Laillé : <a target="_blank" href="stories/projets_urba/medias/Documents/ValleeVilaine/Document1-Plaquette Vallee Vilaine.pdf">la Voie des Rivages et la Voie des Terres</a> avec leur réseau de sentiers complémentaires. La Voie des rivages, épine dorsale du projet, est un  parcours autour du thème de l'eau. Elle cherche à relier les richesses de la vallée constituées de ses paysages naturels autour des étangs, écluses, châteaux et les acteurs qui la font vivre. Elle permet de profiter d'animations au bord de l'eau; plage et farniente, activités nautiques, et observation du milieu. La Voie des Terres et ses boucles met en lien,  le fleuve avec les bourgs qui le bordent,   par un maillage de chemins qui mettra en valeur les points d'intérêt et les lieux d'activités. La vallée pourra ainsi se parcourir à pied, à vélo ou à cheval. Ces deux voies ont vocation à rendre lisible ces paysages et l'objectif est de permettre un développement touristique et économique mais aussi social et culturel de cette vallée. À terme, trois secteurs phares  (Apigné, Cicé et le Boël/ Pont-Péan), seront développés, lieux privilégiés de fréquentation, avec des usages sportifs et  de loisirs,  pour découvrir la vallée.	Sur <a target="_blank" href="https://metropole.rennes.fr/vallee-de-la-vilaine-les-premiers-travaux-ont-debute ">le site de la Prévalaye et des étangs d'Apigné</a>, départ de la voie des Rivages,  la  promenade piétonne et la ligne "multi usages" sont en service ainsi que le parc multi activités. Le mobilier et l'aire de brumisation sur la plage sont installés ainsi que les pontons (sur l'eau). Au centre de la Vallée, de Saint-Jacques-la Pérelle, Chavagne à Bruz, les travaux de la Voie des rivages démarrent cet été.	La Vallée de la Vilaine est non seulement un projet d'aménagement mais aussi un projet de territoire. Il cherche à valoriser les ressources physiques et paysagères mais aussi les ressources vivantes de ce vaste espace, riche de ses acteurs. Des expériences temporaires ont été organisées pour tester, préfigurer le projet au travers notamment de Traversées et surtout de l'Année de la Vilaine (été 2018-19), projet culturel collectif construit avec les acteurs du territoire.	stories/projets_urba/medias/Images/ValleeVilaine/Photo1.jpg	©Agence TER	Carte du projet	stories/projets_urba/medias/Images/ValleeVilaine/Photo2.jpg	  ©MRW Zeppeline	Vue aérienne des étangs de la Vallée  	stories/projets_urba/medias/Images/ValleeVilaine/Photo3.jpg	© D.Gouray / Rennes, Ville et Métropole	Les brumisateurs de l'étang d'Apigné 	stories/projets_urba/medias/Images/ValleeVilaine/Photo4.jpg	 © D.Gouray / Rennes, Ville et Métropole	Le parc ; skate, basket et jeux 	stories/projets_urba/medias/Images/ValleeVilaine/Photo5.jpg	 © D.Gouray / Rennes, Ville et Métropole	La ligne multi usages 					https://valleedelavilaine.fr/#/ 	<a target="_blank" href="http://www.presse.metropole.rennes.fr/accueil/documents-presse/dossiers-de-presse/27-6593/vallee-de-la-vilaine--un-projet-damenagement-pour-reconquerir-le-fleuve-et-sa-vallee">Plus d'informations</a>	1344204.28	7215092.38
La Cochardière	Projet architectural	58	Bati Armor, Archipel Habitat	Architectes : Golhen / Caradec & Risterucci	7 000 m²	200 logements	La Cochardière		Le CHU a lancé une consultation de promoteurs en février 2013 pour valoriser son foncier de "l'Ilot Cohardière", suite à une étude de faisabilité pilotée par le service Etudes Urbaines de Rennes Metropole et réalisée par l'Audiar, pour le compte du CHU. Le projet de Bati Armor, opérateur, JF Golhen et L Caradec, architectes, a remporté cette consultation sur esquisse, pour un projet immobilier privé. Cependant, le programme de 203 logements est soumis à une servitude de mixité sociale : 108 logements aidés (PLUS et PLS) en VEFA pour le compte de Archipel Habitat, 95 logements en accession libre et environ 300 m² de commerce en rez de chaussée. Le projet d'architecture vient marquer la place St Jean Eude et  sa composition s'appuie en symétrie sur les ailes du bâtiment patrimonial de l'Hôtel Dieu. Il est composé de 5 bâtiments distincts, ouverts sur des jardins et ordonnancés par l'ancien tracé du cardo gallo-romain. Aligné sur la rue de la Cochardière à l'est, il sera bordé à l'ouest par un mail piéton public qui fera le lien entre le centre historique et le Parc Naturel Urbain des Prairies St Martin, via le parc des Tanneurs. Le site est soumis à 12 mois de fouilles archéologiques, avec un diagnostic très riche : présence de sépultures gallo-romaines, tracé du cardo :  voirie et fondations d'habitations, etc… Le planning prévisionnel est le suivant : en cours - déconstruction des bâtiments hospitaliers, Mai 2016 - fouilles archéologique 1ere tranche, Fin 2016 - démarrage travaux logements tranche sud (logements accession), Fin 2016 - fouilles archéo 2eme tranche, Mi 2017 - démarrage travaux logements tranche nord (logements locatifs aidés), Début 2019 - livraison des logements accession, Fin 2019 – livraison des logements aidés.																								1351948.208	7223727.655
ViaSilva	Projet d'aménagement	59	Rennes Métropole – Ville de Rennes – SPLA Via Silva	Urbanistes : Devillers et associés, Artelia, Setur, Aubépine, ETC, ON. 	600 hectares		ViaSilva, la ville de demain	Engagé en 2008, ViaSilva est un important projet de développement métropolitain, situé à l'intérieur de la rocade essentiellement sur la commune de Cesson-Sévigné, et en partie sur les communes de Rennes et Thorigné- Fouillard. Les 600 hectares de ce projet constituent la dernière grande extension urbaine, elle est structurée autour de la future ligne b du métro. Il s’inscrit dans la continuité des quartiers d’habitat existants de Cesson-Sévigné et de la Technopole Atalante Beaulieu, site stratégique de développement économique et d’enseignement supérieur. 	En 2014, les élus de Cesson-Sévigné et de Rennes Métropole définissent les grands principes des deux premiers quartiers de ce projet de développement urbain: Atalante Via Silva et les Pierrins (voir les périmètres sur la carte). Si Atalante ViaSilva est une opération à dominante économique (7000 emplois à terme),  depuis 2017 elle devient  un quartier mixte: 3100 logements y sont prévus, deux stations de métro, une gare bus et un parking relais. Les Pierrins sont  une opération à dominante résidentielle, et prévoit 2850 logements avec une diversité de formes d'habitat (collective et individuelle), ainsi que des équipements sportifs et scolaires. Ces nouveaux  quartiers se déploient le long d'une armature "verte et bleue" qui relie la forêt de Rennes à la Vilaine, et dont la mise en valeur est un principe fondateur du projet ViaSilva. L'objectif est faire naître une "ville jardin" où chaque habitant et salarié pourra profiter de ces espaces de respiration. Les "rues jardin" relieront les différents quartiers au parc de Boudebois et au métro par des cheminements plantés et jardinés. 	Sur Atalante ViaSilva, les immeubles de bureaux et de logements ainsi que le parking relais  autour de la station de métro sont en chantier pour une livraison en 2021. La partie résidentielle, l'ilot B5, en lien avec  les Pierrins, ilot D1, comprend plusieurs programmes de logements dont les permis sont délivrés, les chantiers démarreront au second semestre 2020. 	La singularité et l'ambition du projet lui a permis de recevoir  le label EcoCité en 2009, qui distingue les projets d'aménagement répondant aux enjeux du changement climatique. À ce titre, il bénéficie des Programmes d'Investissements d'Avenir (PIA) Ville de demain de l'État, qui privilégient les actions d'innovation et d'expérimentation dans les domaines de la stratégie urbaine et architecturale, de l'énergie, de la mobilité, du paysage, et de la cohésion sociale.	stories/projets_urba/medias/Images/AtalanteViaSilva/Photo1.jpg	©Agence TER		stories/projets_urba/medias/Images/AtalanteViaSilva/Photo2.jpg	  ©MRW Zeppeline		stories/projets_urba/medias/Images/AtalanteViaSilva/Photo3.jpg	© D.Gouray / Rennes, Ville et Métropole		stories/projets_urba/medias/Images/AtalanteViaSilva/Photo4.jpg	 © D.Gouray / Rennes, Ville et Métropole		stories/projets_urba/medias/Images/AtalanteViaSilva/Photo5.jpg	 © D.Gouray / Rennes, Ville et Métropole						http://www.ecocites.logement.gouv.fr/la-demarche-ecocite-r3.html	<a target="_blank" href="">Plus d'informations</a>	1356534.304	7225159.816
